student_id,name,year_of_study,program
1,Shelley Gregory,2024,MSc Hematology
2,Sean Craig,2022,MD
3,Melody Fisher,2021,BMLS
4,William Medina,2024,BMLS
5,Ashley Anderson,2024,MD
6,Nichole Velez,2021,BMLS
7,Katherine Austin,2022,MSc Hematology
8,Brian Bennett,2024,MD
9,Rhonda Kent,2021,MD
10,Beth Gomez,2023,BMLS
11,Michael Carey,2022,MD
12,Virginia Shea,2024,MSc Hematology
13,Melissa Jackson,2024,BMLS
14,Lynn Jackson,2022,MD
15,Lindsay Rich,2022,MD
16,Cindy Jensen,2021,MSc Hematology
17,Susan Collins,2023,MSc Hematology
18,Mike Crane,2021,MD
19,Brandon Hurst,2023,MD
20,Joseph Key,2022,MD
21,Noah Evans,2021,MD
22,Sarah Brown,2021,MD
23,Frank Smith,2023,MSc Hematology
24,Brian Carter,2024,MD
25,Devin Jackson,2023,BMLS
26,Alicia Gates,2021,MD
27,James Wang,2022,BMLS
28,Megan Ramirez,2023,MSc Hematology
29,Sherry Lozano,2022,BMLS
30,Emily Murray,2021,BMLS
31,Veronica Moore,2023,MD
32,William Jackson,2022,BMLS
33,Daniel Guerrero,2023,MSc Hematology
34,Melissa Reed,2021,BMLS
35,Jacqueline Villegas,2021,BMLS
36,Candice White,2023,MD
37,Douglas Stephenson,2022,BMLS
38,Jacob Hansen,2023,MSc Hematology
39,Lawrence Webb,2021,BMLS
40,Robert Morgan,2022,BMLS
41,Paul Hurley,2022,BMLS
42,Emily Freeman,2022,BMLS
43,Kevin Schmidt,2024,MD
44,Chad Reed,2024,MSc Hematology
45,Jennifer Daniels,2021,MSc Hematology
46,Helen Wilson,2023,MSc Hematology
47,Joseph Massey,2022,MSc Hematology
48,Gregory Pittman,2022,BMLS
49,Michael Price,2021,MSc Hematology
50,Diane Marshall,2024,BMLS
51,Michael Davis,2023,MSc Hematology
52,Matthew Shepherd,2024,BMLS
53,Katie Johnson,2022,MD
54,John Cabrera,2021,MD
55,Robert Brown,2024,MSc Hematology
56,Benjamin Greene DDS,2021,MSc Hematology
57,Rebecca Martin,2024,BMLS
58,Dr. Erin Nguyen,2024,MSc Hematology
59,Christopher Key,2023,MD
60,Peter Burns,2021,BMLS
61,Katelyn James,2022,MD
62,Jeffrey Rodriguez,2021,MD
63,Daniel Wilson,2022,MSc Hematology
64,Jeffrey Fitzgerald,2023,MD
65,Jenna Walker,2024,MD
66,Robert Fitzgerald,2024,MD
67,Debra Meadows,2024,MD
68,Robert Mcgee,2024,MD
69,Adam Wilkinson,2024,MSc Hematology
70,Alyssa Fox,2023,MSc Hematology
71,Jeffrey Graves,2022,MSc Hematology
72,Brooke Vazquez,2024,BMLS
73,Deborah Johnson,2021,MD
74,Renee Silva,2021,BMLS
75,Marvin Robertson,2024,MD
76,Mr. Dennis Webster,2021,MD
77,Taylor Cummings,2021,MSc Hematology
78,Miss Tanya Lopez,2024,MD
79,Edward Harrington,2021,MD
80,Keith Hawkins,2024,MD
81,James Wolf,2022,MD
82,Jessica Gonzalez,2023,BMLS
83,Mrs. Brittney Gardner MD,2023,BMLS
84,Cassidy Todd,2021,BMLS
85,Robert Avery,2022,BMLS
86,Craig Ortega,2022,BMLS
87,Michael Johnson,2022,MD
88,Angela Rodriguez,2022,MD
89,Kaitlyn Williams MD,2023,MD
90,Nicholas Richard,2024,BMLS
91,Brian Chaney,2023,MD
92,Kara Chambers,2024,MD
93,Andrew Bates,2021,MD
94,Patrick Neal,2024,BMLS
95,Jason Benjamin,2022,MSc Hematology
96,Jillian Holmes,2022,BMLS
97,Travis Smith,2023,MD
98,Tracy Nash,2022,MSc Hematology
99,Katherine Cox,2024,MD
100,Hunter Elliott,2024,MD
101,Amanda Mitchell,2024,BMLS
102,Kyle Randolph,2022,MD
103,Barbara Thomas,2023,MD
104,Carol King,2022,MD
105,Antonio Rivera,2023,BMLS
106,Kenneth Harrison,2024,MSc Hematology
107,James Ferrell,2022,MSc Hematology
108,David Smith,2022,MSc Hematology
109,Stephen Hill,2024,MD
110,Laura Hill,2024,BMLS
111,Laura Horn,2024,MSc Hematology
112,Lawrence Henderson,2021,MD
113,Christopher Monroe,2021,MSc Hematology
114,Kathleen Reynolds,2023,MD
115,Janet Ross,2022,MSc Hematology
116,Maria King,2021,MD
117,Laura Davis,2024,BMLS
118,Shannon Luna,2022,MD
119,Elizabeth Bush,2021,BMLS
120,Jesse Mccall,2022,BMLS
121,James Mosley,2022,MSc Hematology
122,Eugene Miller,2024,BMLS
123,Tyler Lewis,2022,MD
124,Karen Perkins,2024,MD
125,Derek Johnston,2022,MD
126,Kelly Cohen,2022,MD
127,Donald Shaw,2022,MD
128,Allen Richards,2024,MD
129,Robert Evans,2024,BMLS
130,Leah Cole,2024,MSc Hematology
131,Kelly Jordan DVM,2024,MSc Hematology
132,Ryan Giles,2021,MSc Hematology
133,Brent Christian,2021,BMLS
134,Anthony Aguirre,2024,MD
135,Nicole Scott,2024,BMLS
136,Teresa Miller,2021,MSc Hematology
137,Tiffany Knight,2023,MSc Hematology
138,Erica Garza,2024,MSc Hematology
139,Audrey Baker,2021,MD
140,Roy Morales,2021,MD
141,Christopher Ramos,2023,MSc Hematology
142,Erin Perry,2024,BMLS
143,Deanna Lopez,2021,MD
144,Mary Knight,2023,MD
145,Thomas Rodriguez,2021,MD
146,Zachary Bradford,2021,BMLS
147,Bobby Norman,2023,BMLS
148,William Cunningham,2021,BMLS
149,David Butler,2023,MSc Hematology
150,Maria Hampton,2024,BMLS
151,Lindsay Jefferson,2024,BMLS
152,Patricia Chapman,2021,MSc Hematology
153,Gary Mcintyre,2024,MSc Hematology
154,Lindsay Lowe,2023,MSc Hematology
155,Jacqueline Walls,2023,MSc Hematology
156,Lori Anderson,2021,MD
157,Leonard Dalton,2021,MSc Hematology
158,Sandra Wolf,2021,MD
159,Ashley Wilson,2022,BMLS
160,Melissa Hall,2022,MSc Hematology
161,Annette Porter,2024,MSc Hematology
162,Alyssa Warner,2022,MD
163,Catherine Carter,2022,MSc Hematology
164,Derek Kerr,2023,MSc Hematology
165,Daniel Harris,2021,BMLS
166,Andrea Mcdaniel,2022,BMLS
167,Thomas Suarez,2021,BMLS
168,Rachel Blackburn,2021,MSc Hematology
169,Brittney Bush,2021,MD
170,Karen Johnson,2022,BMLS
171,Melissa Carson,2024,MSc Hematology
172,Randall Miller,2023,BMLS
173,Eric Smith,2021,MSc Hematology
174,Rebecca Miller,2021,BMLS
175,Mary Tucker,2021,MSc Hematology
176,Rhonda Allen,2023,MSc Hematology
177,Christopher Robinson,2024,MD
178,Katie Peterson,2023,BMLS
179,Tom Pierce,2021,MSc Hematology
180,Bradley Montoya,2022,BMLS
181,Dawn Burton,2022,MSc Hematology
182,Sydney Nielsen,2024,BMLS
183,Tammy Davis,2022,MD
184,Sandra Elliott,2021,MD
185,Gary Rodriguez,2021,MSc Hematology
186,Amy Esparza,2024,MSc Hematology
187,Timothy Newton,2024,MSc Hematology
188,Michelle Hawkins,2023,BMLS
189,Jillian Delgado,2022,MD
190,Erica Perry,2023,MSc Hematology
191,Michael Mccarthy,2022,BMLS
192,Brandy Benitez,2023,MD
193,Jennifer Reyes,2021,BMLS
194,Edward Scott,2021,BMLS
195,Elizabeth Le,2023,BMLS
196,Dr. David Grant,2021,MSc Hematology
197,Richard Robles,2024,BMLS
198,Elizabeth Garcia,2023,MD
199,Ronald Clark,2024,MD
200,Linda Weeks,2023,MD
201,Evan Garner,2021,BMLS
202,Crystal Armstrong,2024,MSc Hematology
203,Justin Harris,2022,MSc Hematology
204,Stephanie Phillips,2022,MSc Hematology
205,Gina Anderson,2024,BMLS
206,Kayla Walker,2024,MD
207,Victoria Johnson,2023,BMLS
208,Justin Roberts,2022,BMLS
209,Helen Payne,2022,MSc Hematology
210,Rachel Mooney,2024,MSc Hematology
211,Tara Scott,2021,MD
212,Justin Schneider,2021,MD
213,Justin Medina,2023,BMLS
214,Dawn Paul,2022,BMLS
215,Ryan Jackson,2023,BMLS
216,Matthew Martin,2024,MD
217,Hector Hill,2024,MSc Hematology
218,Nicole Garcia,2021,MD
219,Robin Harris,2023,MSc Hematology
220,Jessica Brown,2023,MD
221,Kelly Chapman,2022,MSc Hematology
222,Vanessa Harper,2023,MD
223,Michael Meyer,2022,BMLS
224,Kathleen Huber,2021,BMLS
225,Brenda Day,2022,MD
226,Christopher Clark,2022,MSc Hematology
227,Kimberly Anderson,2023,BMLS
228,Amanda Carter,2021,MD
229,Jacob Bridges,2023,MSc Hematology
230,Carmen Perkins,2023,MSc Hematology
231,Diana Murphy,2022,MD
232,Benjamin Saunders,2024,BMLS
233,Jared Townsend,2022,BMLS
234,Nicholas Bates,2022,MD
235,Michael Hernandez,2021,BMLS
236,Amanda Martin,2024,MD
237,Justin Beck,2021,MD
238,Maria Rowland,2024,MSc Hematology
239,Christopher Baker,2024,MD
240,Jennifer Allen,2024,MSc Hematology
241,Shannon Bowen,2021,MSc Hematology
242,Alison Wells,2021,MSc Hematology
243,Dawn Wood,2023,BMLS
244,Ashley Garrett,2024,MSc Hematology
245,Maria Hill,2021,BMLS
246,Devin Moses,2024,MSc Hematology
247,Robin Alvarado,2023,MD
248,John Campos,2023,MD
249,Caroline Wade,2021,MD
250,Donald Clark,2022,BMLS
251,Patricia Grant,2024,MSc Hematology
252,Melissa Jones,2021,MSc Hematology
253,Michelle Jimenez,2021,MD
254,Jason Johnson,2021,MSc Hematology
255,Alison Lewis,2023,MD
256,Michelle Jensen,2021,BMLS
257,Debbie Burnett,2024,BMLS
258,Lee Clarke,2024,BMLS
259,Matthew Owens,2024,MD
260,Tamara Pollard,2023,BMLS
261,Regina Chen,2021,BMLS
262,Alexander Spence,2024,BMLS
263,Katherine White,2021,MD
264,Michele Collins,2021,MSc Hematology
265,Tammy Gibbs,2021,BMLS
266,Sherry Patton DVM,2022,MD
267,Adam Hernandez,2022,BMLS
268,Lori Everett,2023,MSc Hematology
269,Jennifer Smith,2024,BMLS
270,Lori Brown,2024,BMLS
271,Garrett Silva,2022,BMLS
272,Nicole Fox,2024,BMLS
273,Stephanie Arnold,2022,MSc Hematology
274,Nicole Good,2022,BMLS
275,Daniel Allen,2022,MD
276,David Brown,2022,MSc Hematology
277,Brianna Klein,2022,MD
278,Abigail Sawyer,2022,MD
279,Dylan Norton,2023,MD
280,Dr. Larry Mcdonald,2021,MSc Hematology
281,Amy Johnson,2023,MSc Hematology
282,Jessica Kennedy,2024,MSc Hematology
283,Brent Hall,2023,BMLS
284,Mark Patterson,2024,MSc Hematology
285,Candace Henderson,2024,MD
286,Robert Scott,2024,BMLS
287,Thomas Lloyd,2023,BMLS
288,Michelle Crawford,2021,BMLS
289,Nichole Rice,2024,BMLS
290,James Koch,2024,MSc Hematology
291,Allison Cummings,2021,MSc Hematology
292,Valerie Mcclain,2024,MSc Hematology
293,Heidi Bennett,2024,MD
294,Derek Holmes,2021,MSc Hematology
295,Gregory Collier,2024,BMLS
296,Elizabeth Ramirez,2024,MD
297,John Hensley,2024,MD
298,Dan Pennington,2023,BMLS
299,Stacey Johnson,2022,MD
300,Mrs. Margaret Delacruz,2023,MSc Hematology
301,Derrick Ponce,2024,BMLS
302,Ricky Carter,2024,MSc Hematology
303,Michelle Williams,2024,MSc Hematology
304,Kenneth Pacheco,2024,MD
305,Todd Aguirre,2021,BMLS
306,Jason Allen,2023,BMLS
307,Kelly Macias,2024,BMLS
308,Mr. David Davis Jr.,2023,MSc Hematology
309,Mr. Andrew Werner,2021,MD
310,Antonio Rodriguez,2021,MSc Hematology
311,Taylor Ward,2022,BMLS
312,James Ward,2024,MD
313,Andrea Pena,2023,MD
314,Patricia Whitaker,2021,BMLS
315,Edgar Oliver,2024,BMLS
316,Sean Blanchard,2024,MD
317,Misty Mendez,2021,BMLS
318,Hunter Hayes,2023,MSc Hematology
319,Daniel Thomas,2022,BMLS
320,Anna Wade,2021,MD
321,Edward Jones,2022,MSc Hematology
322,Brian Hall,2024,MSc Hematology
323,Melinda Rodriguez,2021,MD
324,Joseph Nelson,2024,MSc Hematology
325,Mark Ferguson,2022,MD
326,Peter Robinson,2024,BMLS
327,Michelle Young,2023,BMLS
328,Mr. Timothy Stewart,2024,MD
329,Elizabeth Rivera,2023,MD
330,Michael Martinez,2022,MSc Hematology
331,Victoria Johnson,2023,MSc Hematology
332,Teresa Ramirez,2024,BMLS
333,Patrick Hunter,2024,MSc Hematology
334,Dalton Kerr,2021,MD
335,Sarah Madden,2021,MD
336,Monica Stokes,2024,MSc Hematology
337,Michelle Martinez,2022,MSc Hematology
338,Kathleen Bishop,2023,MSc Hematology
339,Michelle Miller,2022,BMLS
340,Nicole Scott,2021,BMLS
341,Angela White,2021,BMLS
342,Joseph Montes,2023,MSc Hematology
343,Samantha Morris,2022,BMLS
344,Laura Parks,2021,BMLS
345,Eric Martinez,2021,MD
346,Kim Singh,2021,MSc Hematology
347,Dominic Reyes DVM,2022,MSc Hematology
348,Matthew Moses,2021,BMLS
349,Jeffrey Anderson,2023,MSc Hematology
350,Kristy Howard,2024,BMLS
351,Robert Brown,2022,MSc Hematology
352,Ashlee Diaz,2024,MD
353,Christopher Campbell,2024,MSc Hematology
354,Misty Mendez,2021,MD
355,Tara Pace,2024,BMLS
356,Sean White,2022,MD
357,Janet Perez,2024,MSc Hematology
358,Yolanda Buchanan DVM,2023,MSc Hematology
359,Susan Brown,2024,MD
360,Sean Juarez,2021,BMLS
361,Lindsey Rocha,2024,BMLS
362,Phillip Olson,2021,BMLS
363,Stephanie Harmon,2021,BMLS
364,Jessica Lee,2024,MD
365,Robert Pierce,2023,MD
366,Kendra Woods,2021,BMLS
367,Jody Hall,2021,BMLS
368,Larry Thompson,2023,MSc Hematology
369,Andrew Thomas,2023,MD
370,Isaac Short,2021,MD
371,Stephanie Ball,2022,MSc Hematology
372,Kayla West,2021,MD
373,Ryan Pierce,2023,MD
374,Jessica Contreras,2023,BMLS
375,John Robles,2023,MSc Hematology
376,Darren Castillo,2023,MSc Hematology
377,Miss Lorraine Thomas,2024,MSc Hematology
378,Sylvia Smith,2022,MD
379,Jessica Reeves,2021,BMLS
380,Kirk Taylor,2024,BMLS
381,Amber Parker,2024,BMLS
382,John King,2022,BMLS
383,Melissa Hayden,2021,MD
384,Lauren Peterson,2024,MSc Hematology
385,Robert Macdonald,2023,MD
386,Janice Graves,2022,BMLS
387,Kelly West,2022,BMLS
388,Melissa Wilson,2023,MD
389,Bryan Fleming,2024,MD
390,Lisa Cervantes,2021,MD
391,Anthony Acosta,2023,MSc Hematology
392,Lori Wolf,2022,MD
393,Jennifer Vargas,2023,MD
394,Thomas Martin,2023,MD
395,Randy Morales,2021,MD
396,Clayton Alvarado,2023,MSc Hematology
397,Tracy Jones,2023,MSc Hematology
398,Kevin Williams,2023,BMLS
399,Rachel Johnson,2024,MSc Hematology
400,Carrie Campbell,2021,BMLS
401,John Torres,2023,BMLS
402,Daniel Phillips,2023,MSc Hematology
403,Derek Woodard,2024,MSc Hematology
404,Frances Valencia,2023,MD
405,William Cook,2022,BMLS
406,Isaac Carpenter,2021,BMLS
407,Benjamin Jones,2024,BMLS
408,Sherri Johnson,2024,MD
409,Lawrence Taylor,2023,BMLS
410,Johnny Morgan,2021,BMLS
411,Jeremy Campos,2024,MSc Hematology
412,Thomas Martinez,2022,BMLS
413,Angela Logan,2021,BMLS
414,Joshua Dougherty,2022,MD
415,David Singleton,2023,BMLS
416,Madeline Meza,2024,MSc Hematology
417,Elizabeth Roberts,2024,MD
418,Brandon Lambert,2023,MD
419,Raymond Kim,2021,BMLS
420,Virginia Morales,2023,BMLS
421,Donald Norton,2024,BMLS
422,Luis Page,2024,MD
423,Jeffrey Park,2021,MD
424,Jessica Harper,2023,MSc Hematology
425,Thomas Fields,2022,BMLS
426,Devin Solis,2022,MSc Hematology
427,Toni Bailey MD,2023,MD
428,Gregory Bradford,2024,MD
429,Madeline Gray,2023,MD
430,Kristen Harris,2023,BMLS
431,Carrie Owens,2023,MD
432,Zachary Shepherd,2024,MD
433,Rebekah Rios,2024,MSc Hematology
434,Jasmine Brown,2024,MD
435,John Pennington,2022,MSc Hematology
436,Veronica Acevedo,2022,MD
437,Shelly Myers,2021,BMLS
438,John Smith,2022,MD
439,Jennifer Smith,2023,BMLS
440,Kelsey Sheppard,2022,MSc Hematology
441,Joanne Rodriguez,2021,MD
442,Colleen Smith DVM,2021,MD
443,Jennifer Gonzalez,2024,BMLS
444,Elizabeth Foley,2021,MD
445,Ashley Ward,2022,MSc Hematology
446,Daniel Reid,2021,MSc Hematology
447,Elizabeth Hanson,2024,BMLS
448,Marco Smith,2021,MSc Hematology
449,Troy Hill,2021,MSc Hematology
450,Jill Freeman,2024,MD
451,Jennifer Lewis,2021,MSc Hematology
452,Jacob Booth,2024,MD
453,Sean Booth,2021,BMLS
454,Timothy Thomas,2024,MD
455,Joshua Frey,2024,MSc Hematology
456,Ryan Sanchez,2022,BMLS
457,Dennis Golden,2024,BMLS
458,Benjamin Jackson,2023,BMLS
459,Michael Boyer,2021,BMLS
460,William Young,2023,MSc Hematology
461,Jeffrey Long,2021,MSc Hematology
462,James Wagner,2021,MD
463,Anne Daniels,2022,MD
464,Samantha Davis,2023,MD
465,Kelly Guerrero,2024,MD
466,Mark Alvarez,2023,MSc Hematology
467,Bryan Williams,2024,MD
468,Noah Lewis,2021,MSc Hematology
469,Samantha Morales,2022,BMLS
470,Justin Delgado,2023,BMLS
471,Robert Carlson,2021,MSc Hematology
472,Christopher Rios,2023,MD
473,Mary Stafford,2024,MD
474,Robert Carter,2021,BMLS
475,Patrick Mcintosh,2022,BMLS
476,Lisa Harris,2021,BMLS
477,Bobby Hart,2022,MD
478,Robert Tran,2024,MD
479,Jeffrey Lindsey,2023,MSc Hematology
480,Jason Morgan,2024,BMLS
481,Nancy Carter,2021,MD
482,Robert Russell,2022,MSc Hematology
483,Lindsay Lamb,2022,BMLS
484,Nathan Levy,2024,MSc Hematology
485,Laura Gibson,2022,MD
486,William Mccarty,2023,BMLS
487,Samantha Bell,2021,MSc Hematology
488,Alexandra Black,2024,BMLS
489,James Moreno,2024,BMLS
490,Michael Torres,2021,BMLS
491,Chad Woods,2024,MD
492,Heather Rice,2022,BMLS
493,Erin Johnson,2021,MD
494,Christopher Juarez,2024,BMLS
495,Emily Nelson,2024,MSc Hematology
496,Douglas Woods,2022,MSc Hematology
497,Carlos Booker,2024,BMLS
498,Jeff Brown,2023,MSc Hematology
499,Jeffrey Lutz,2021,MD
500,Joel Ochoa,2022,BMLS
501,Jennifer Peterson,2022,BMLS
502,Sharon Brown,2023,BMLS
503,Kelly Wilkerson,2021,MD
504,Kimberly Horton,2022,MD
505,Brandon Hill,2022,MD
506,Michelle Holden,2024,BMLS
507,Justin Little,2021,MD
508,Pamela Friedman,2023,MSc Hematology
509,David Garner,2022,BMLS
510,Michael Gordon,2023,BMLS
511,Lucas Smith,2023,MD
512,Nicole Mcgee,2024,MSc Hematology
513,Laura Thompson,2022,BMLS
514,Larry Cook,2021,MD
515,Jaime Watson,2024,BMLS
516,Daniel Hebert,2022,MD
517,Kenneth Ruiz,2021,BMLS
518,Lacey Zimmerman,2023,MSc Hematology
519,Travis Hernandez,2023,MSc Hematology
520,Kari Lewis,2023,MD
521,Jason Hill,2023,MD
522,Heather Richards,2022,MSc Hematology
523,Julia Chang,2021,MD
524,Melissa Olsen,2023,MD
525,Christopher Bates,2022,BMLS
526,Robert Bennett DVM,2023,MSc Hematology
527,Javier Parker,2021,MSc Hematology
528,Crystal Cabrera,2023,MD
529,Diana Williams,2023,BMLS
530,Sarah Shaw,2022,MD
531,Robert Gonzales,2024,MSc Hematology
532,Sarah Wise,2023,MD
533,Jason Wood,2022,BMLS
534,Tony Davies,2021,MD
535,David Dunlap,2021,MD
536,Eric Hicks,2022,MSc Hematology
537,Dennis Benton,2024,BMLS
538,David Morris,2022,MSc Hematology
539,Joseph Morris,2021,MSc Hematology
540,Cynthia Brown,2023,BMLS
541,Ryan Giles,2023,MD
542,Shannon Hughes,2024,BMLS
543,Mr. Matthew Harrison DDS,2021,BMLS
544,Ann Robertson,2021,MD
545,Clayton Evans,2024,MSc Hematology
546,John Green,2022,BMLS
547,Dana Everett,2023,MSc Hematology
548,Megan Hill,2021,MSc Hematology
549,Dr. Steven Cooper,2022,MD
550,Gregory Hogan,2021,MSc Hematology
551,Madison Macdonald,2021,BMLS
552,Mr. Angel Miller,2021,MD
553,Miguel George,2023,BMLS
554,Donna Chen,2023,BMLS
555,Kristen Pacheco,2024,MD
556,Kristy Mccarthy,2022,MD
557,Katrina Cruz,2022,BMLS
558,Sharon Galvan,2023,BMLS
559,Brian Walker,2024,MD
560,Madison Hamilton,2024,MSc Hematology
561,Jordan Bautista,2022,MD
562,Casey Tucker,2021,BMLS
563,Phyllis Mckinney,2021,MSc Hematology
564,Garrett Perry,2021,MSc Hematology
565,Cindy Moore,2021,MSc Hematology
566,Jillian Wu,2021,MSc Hematology
567,James Rodriguez,2021,MSc Hematology
568,Amanda Michael,2024,MSc Hematology
569,Elizabeth Cook,2022,MSc Hematology
570,Raymond Luna,2022,BMLS
571,Diana Bennett,2022,MSc Hematology
572,Michelle Vega,2023,MSc Hematology
573,Anthony Waters,2024,BMLS
574,Brittany Marquez,2022,BMLS
575,Jessica Gilbert,2023,MD
576,Eric Shaffer,2021,MD
577,Donald Smith,2023,MSc Hematology
578,Cynthia Short,2023,MSc Hematology
579,Robert Zhang,2023,MD
580,Jade Gregory,2024,BMLS
581,Elizabeth Bass,2022,BMLS
582,Rhonda Ponce,2023,MD
583,Laura Gray,2023,MD
584,Kenneth Schneider,2021,MSc Hematology
585,Mary Vazquez,2021,MSc Hematology
586,Jeffrey Hogan,2024,MD
587,Madison Hurley,2023,MSc Hematology
588,Colleen Henderson,2021,BMLS
589,John Lewis,2024,MSc Hematology
590,Elizabeth Durham,2021,MSc Hematology
591,Douglas Garcia,2023,BMLS
592,Dawn Bishop,2021,MD
593,Amanda Velez,2023,MSc Hematology
594,Denise Alvarez,2024,MSc Hematology
595,Victoria Adkins,2021,BMLS
596,Jeanette Valenzuela,2023,MD
597,Lisa Washington,2023,BMLS
598,Alexis Martin,2024,MSc Hematology
599,Tamara Harris,2021,MD
600,Nicole Lopez,2023,MD
601,Scott Schwartz,2022,BMLS
602,Gina Wall,2023,MSc Hematology
603,James Deleon,2023,MD
604,Elizabeth Hall,2023,BMLS
605,Curtis Beck,2023,MSc Hematology
606,Dawn Carson,2023,BMLS
607,Matthew Powell,2022,MSc Hematology
608,David Graham DDS,2021,BMLS
609,Joshua Garcia,2021,BMLS
610,James Yates,2024,MD
611,Andrew Jennings,2024,MSc Hematology
612,Antonio Jones,2021,MSc Hematology
613,Laura Bautista,2024,MSc Hematology
614,Hayden Jackson,2021,MSc Hematology
615,John Crawford,2023,MD
616,Cynthia Young,2023,BMLS
617,Patricia Rios,2022,BMLS
618,Erica Lozano,2021,BMLS
619,Christine Marshall,2022,MSc Hematology
620,Thomas James,2024,MD
621,Jose Haynes,2021,BMLS
622,Sandra Morales,2021,MD
623,Brittany Marsh,2023,MD
624,David Dunlap,2022,BMLS
625,Nancy Becker,2023,MD
626,Kayla Cantu,2023,MSc Hematology
627,Jesse Bradley,2023,MSc Hematology
628,Brian Estrada,2022,MSc Hematology
629,Carlos Dickerson,2021,MD
630,Linda Luna,2024,MD
631,Melissa Hunter,2022,MD
632,Vanessa Miller,2024,BMLS
633,Melissa Hahn,2023,BMLS
634,Emily Hubbard,2021,BMLS
635,Justin Swanson,2021,MSc Hematology
636,Tyler Dixon,2022,BMLS
637,Connie Sanchez,2022,MD
638,William Bush,2024,BMLS
639,Robyn Maxwell,2022,BMLS
640,Lacey Rollins,2023,BMLS
641,Matthew Johnson,2023,BMLS
642,Emily Romero,2023,MSc Hematology
643,David Williams,2021,MD
644,Cynthia Mcclure,2023,MSc Hematology
645,Jessica Scott,2024,MSc Hematology
646,Christina Curtis,2022,MD
647,Courtney Thompson,2021,MSc Hematology
648,Robert Brown,2023,MD
649,Megan Smith,2023,BMLS
650,Rodney Smith,2021,BMLS
651,Albert Anderson,2022,BMLS
652,Lauren Pitts,2022,BMLS
653,Julian Thomas,2022,MSc Hematology
654,Sherri Bond,2022,MSc Hematology
655,Ana Murillo,2023,MSc Hematology
656,Chad Thompson,2023,MSc Hematology
657,Michael Gordon,2021,MD
658,Cathy Williams,2022,MD
659,Michael Jensen,2022,MSc Hematology
660,Tanya Johnson,2024,MD
661,Darren Haynes PhD,2024,MD
662,Mark Watts,2021,MD
663,Brenda Ford,2021,MSc Hematology
664,Derrick Norris,2024,MD
665,David Morrow,2021,BMLS
666,Jason Washington,2021,MD
667,Daniel Hernandez,2023,MSc Hematology
668,Justin Ferguson,2023,BMLS
669,Andrew Moore,2022,BMLS
670,Angela Knight,2023,MSc Hematology
671,Cody Collins,2022,MSc Hematology
672,Michelle Campbell,2022,MD
673,Bryan Green,2021,BMLS
674,Julie Johnson,2021,MD
675,John Fuentes,2022,MD
676,Walter Cox,2024,BMLS
677,Matthew Wheeler,2021,MSc Hematology
678,Debra Lowe,2023,BMLS
679,Jamie Thompson,2024,MSc Hematology
680,Brittany Cochran,2024,MD
681,Darlene Scott,2024,BMLS
682,Richard Maldonado,2024,BMLS
683,Jonathan Kirby,2024,MD
684,Lori Dickerson,2023,BMLS
685,Tina Keller,2022,MD
686,Lance Santos III,2023,MSc Hematology
687,Cathy Black,2021,MD
688,Jennifer Martin,2023,MD
689,Maria Key,2024,MSc Hematology
690,Ellen West,2024,BMLS
691,Tiffany Brown,2022,BMLS
692,Karen Burns,2022,MSc Hematology
693,Alexander Simon,2024,MD
694,Pamela Leon,2022,MD
695,Jeffrey Moore,2024,MD
696,Curtis Butler,2021,MD
697,Vincent Vega,2024,BMLS
698,Leslie Stokes,2023,BMLS
699,Andrea Brown,2024,MSc Hematology
700,Kenneth Torres DDS,2023,BMLS
701,Dustin Lambert,2023,MD
702,Robert Flowers,2022,MSc Hematology
703,Stacey Young,2023,MSc Hematology
704,James Harris,2022,MD
705,Jeff Glass,2023,MD
706,Michael Olsen,2022,MSc Hematology
707,Justin Mitchell,2022,MSc Hematology
708,Darren Lynch,2021,MD
709,Daisy Cruz,2024,BMLS
710,Edwin Cox,2021,BMLS
711,Stephanie Martin,2022,BMLS
712,Aaron Anderson,2023,MD
713,Faith Cook,2021,BMLS
714,Austin Sharp,2024,MD
715,John Li,2022,MSc Hematology
716,Nicole Hogan,2024,MSc Hematology
717,Anthony Turner,2023,BMLS
718,Phillip Lin,2022,MSc Hematology
719,Bradley Smith,2024,MSc Hematology
720,Jennifer Zimmerman,2022,BMLS
721,Eric Davis,2023,MSc Hematology
722,Sierra Knight,2024,BMLS
723,Andrew Walker,2022,MSc Hematology
724,Mrs. Kimberly Phillips,2023,BMLS
725,Shawn Carroll,2023,BMLS
726,James Nash,2024,BMLS
727,Kevin Hamilton,2021,BMLS
728,Melissa Brock,2022,MSc Hematology
729,David Lloyd,2021,MD
730,Kathy Webster,2024,MD
731,Lynn Martin,2021,BMLS
732,William Kelley,2024,MD
733,William Gonzalez,2022,MD
734,Stephanie Walker,2021,MD
735,Daniel Cherry MD,2023,MSc Hematology
736,Daniel Scott,2023,BMLS
737,Latasha Stewart,2021,MSc Hematology
738,Justin Cordova,2023,BMLS
739,Catherine Moore,2022,MD
740,Kristy Russell,2022,MSc Hematology
741,Renee Welch,2023,BMLS
742,Ryan Kelly,2023,MD
743,Ruth Stanley,2023,BMLS
744,Ryan Dorsey,2024,MD
745,Erik Jacobs,2023,MD
746,Anna Atkinson,2022,BMLS
747,Kurt Daniels,2024,BMLS
748,Daniel Aguilar,2022,MD
749,Scott Hernandez II,2023,BMLS
750,Tiffany Johnson,2021,MD
751,Jessica Davis,2021,MSc Hematology
752,Kendra Garcia,2021,MD
753,Mark Lewis,2023,MD
754,Kristina Moore,2023,MSc Hematology
755,Heather Jimenez,2023,MD
756,Mr. Brandon Collier DDS,2022,MD
757,Colleen Hale,2024,BMLS
758,Diana Williams,2022,MSc Hematology
759,Sarah Mcdonald,2024,MD
760,Jonathan Wyatt,2024,MSc Hematology
761,John Garcia,2022,MD
762,Jeffery Rodriguez,2022,BMLS
763,Natalie Gallagher,2021,BMLS
764,Pamela Luna,2023,BMLS
765,Elizabeth Merritt,2021,MSc Hematology
766,Tyler Brown,2022,MD
767,Angela Jennings,2023,MSc Hematology
768,Michelle Keith,2022,MSc Hematology
769,Melanie Ross,2024,BMLS
770,Amanda Wright,2022,BMLS
771,Robert Sampson,2021,MD
772,Natalie Vega,2022,MSc Hematology
773,Mary Thomas,2021,BMLS
774,Barbara Newman,2022,MSc Hematology
775,Todd Gaines,2022,MSc Hematology
776,Stephen Diaz,2024,BMLS
777,Timothy Mcgrath,2023,MD
778,Kara Riley,2023,BMLS
779,Holly Curtis,2024,MSc Hematology
780,John Fuller,2023,MSc Hematology
781,Walter Sanford,2024,MSc Hematology
782,Karina Peterson,2022,MD
783,Kevin Weaver,2022,MSc Hematology
784,Julie Collins,2021,MSc Hematology
785,James Arnold,2021,MD
786,Michelle Pierce,2021,MD
787,Joshua Smith,2021,MD
788,Gilbert Powell,2024,MD
789,Patrick Thomas,2024,MD
790,Jessica Sanchez,2021,MD
791,Jason Hudson,2021,MSc Hematology
792,Scott Terry,2023,MD
793,Amber Hall,2021,BMLS
794,Amanda Manning,2022,MSc Hematology
795,Ashley Gonzalez,2021,BMLS
796,Crystal Martin,2021,MD
797,Teresa Scott,2022,BMLS
798,Jennifer Jimenez,2022,BMLS
799,Steven Porter,2021,MSc Hematology
800,Michael Morris Jr.,2022,BMLS
801,Bryan Decker,2024,MSc Hematology
802,Katie Andrews,2022,MD
803,Brendan Stone,2024,MD
804,Stefanie Gregory,2022,MSc Hematology
805,Carolyn Reed,2022,MD
806,Austin Mcmillan,2022,MSc Hematology
807,Sheila Powell,2023,BMLS
808,Brandon Powers,2021,MSc Hematology
809,Wendy Woods,2023,MD
810,Matthew Perez,2022,BMLS
811,Taylor Young,2022,MSc Hematology
812,Sara Ramos,2022,BMLS
813,Thomas Lopez,2024,MD
814,Terrence Reed,2023,MSc Hematology
815,Warren Davis,2021,MD
816,Alexandria Cruz,2023,MD
817,Jennifer Payne,2022,MSc Hematology
818,Paul Rasmussen,2024,BMLS
819,Jessica Brady,2024,MD
820,Justin Massey,2021,MD
821,Sherry Martin,2023,MSc Hematology
822,Latoya Carey,2024,MSc Hematology
823,Kelly Lloyd,2021,MD
824,Paul Williams,2024,MSc Hematology
825,Dale Baird,2021,MD
826,Brooke Hernandez,2021,BMLS
827,Kelsey Donaldson,2022,MSc Hematology
828,Crystal Obrien,2021,BMLS
829,Victor Fleming,2022,MSc Hematology
830,Margaret Turner,2024,MD
831,Angela Gomez,2024,MSc Hematology
832,Shawn Thomas,2022,MD
833,David Hutchinson DDS,2023,MSc Hematology
834,Devin Smith,2024,BMLS
835,Mary Baker,2023,MD
836,Mr. Jacob Jenkins MD,2021,MD
837,Chad Hunter,2023,MD
838,Jennifer Walker,2021,MD
839,Craig Campbell,2021,MD
840,Michael Odom,2021,MD
841,William Garrison,2023,BMLS
842,Jessica Allen,2024,BMLS
843,Angela Wright,2024,BMLS
844,Renee Williams,2021,MD
845,Mary Pena,2022,BMLS
846,Charles Norris,2022,MSc Hematology
847,John Rodriguez,2023,MSc Hematology
848,Ms. Emily Wong,2024,BMLS
849,Sarah Lewis,2024,MSc Hematology
850,Dakota Williams,2022,MSc Hematology
851,Matthew Jones,2023,MD
852,Debbie Patterson,2023,MD
853,Raven Davis,2021,BMLS
854,Eric Wilson,2022,BMLS
855,Alicia Cook,2021,BMLS
856,Justin Moore,2023,MSc Hematology
857,Christopher Johnson DVM,2022,MD
858,Kevin Hill,2024,MD
859,Andrea Christensen,2023,MD
860,Tracy Lee,2022,MSc Hematology
861,Anna Day,2021,MSc Hematology
862,Anthony Hughes,2023,BMLS
863,Austin Porter,2024,MSc Hematology
864,James Stevens,2022,BMLS
865,Dana Heath,2024,BMLS
866,Sheila Francis,2023,BMLS
867,Stephanie Williams,2022,MSc Hematology
868,Courtney Lewis,2024,MD
869,James Hopkins,2021,MSc Hematology
870,Donald Williams,2023,MD
871,Jose Johnson,2021,BMLS
872,Amanda Johnson,2024,BMLS
873,Jennifer Carlson,2021,MD
874,Amanda Weaver,2024,MD
875,Charles Ellis,2024,MD
876,Amy Bowen,2022,MSc Hematology
877,Bruce Jimenez MD,2024,MD
878,Benjamin Francis,2023,MD
879,Steve Garcia,2024,MD
880,Louis Baxter,2023,MSc Hematology
881,Christian Rodriguez,2022,BMLS
882,Heather Nixon,2021,MD
883,Morgan Jones,2024,BMLS
884,Karen Schmidt,2024,MSc Hematology
885,Laurie Price,2021,MSc Hematology
886,Michael Conway,2021,MD
887,Austin Barry,2022,MSc Hematology
888,Marie Harris,2024,MSc Hematology
889,Sarah Cox,2024,MSc Hematology
890,Lisa Griffin,2021,MD
891,Richard Shah,2022,MSc Hematology
892,Steven Small,2023,BMLS
893,Denise Vasquez,2022,MSc Hematology
894,Ashley Rush,2021,MSc Hematology
895,Kevin Oconnor,2023,MSc Hematology
896,Allison Thompson,2021,MD
897,Kevin Young,2023,BMLS
898,Jason Marquez,2024,MD
899,Tyler Martinez,2023,MD
900,Jill Mccullough,2023,BMLS
901,Nancy Parrish,2023,BMLS
902,Renee Mccormick,2022,MSc Hematology
903,Vickie West,2023,MD
904,Barry Clark,2023,MD
905,Arthur Evans,2023,MD
906,Olivia Schneider,2022,MSc Hematology
907,Elizabeth Berg,2021,MD
908,Brenda Jackson,2022,MD
909,Henry Johnson,2023,MD
910,Edward Patterson,2021,MD
911,Scott Wade,2023,BMLS
912,Michael Clark,2022,BMLS
913,Thomas Atkinson MD,2023,MSc Hematology
914,Tiffany Roach,2023,BMLS
915,Laura Cooke,2024,MSc Hematology
916,Aaron Velez,2022,MSc Hematology
917,Kristen Martin,2024,MSc Hematology
918,Diana Brown,2022,MD
919,Amanda Mueller MD,2024,MSc Hematology
920,Kim Ware,2023,MD
921,Daniel Glass,2023,BMLS
922,Daniel Gardner,2024,MSc Hematology
923,Andrea Vega,2023,MSc Hematology
924,Veronica Hamilton,2022,MSc Hematology
925,Russell Reyes,2021,MSc Hematology
926,Steven Stout,2024,BMLS
927,Jose Vaughan,2022,BMLS
928,David Stephenson,2024,BMLS
929,Karina Myers,2021,MD
930,Chelsey Hernandez,2021,MD
931,Mary Bennett,2021,BMLS
932,Jessica Morris,2021,MSc Hematology
933,Sara House,2022,MSc Hematology
934,Ronald Sandoval,2021,MD
935,Alexandra Berry,2024,MSc Hematology
936,Tyler Smith,2023,MD
937,Stephanie Alvarez,2022,MSc Hematology
938,Holly Carpenter,2023,MD
939,Douglas Davis,2024,BMLS
940,Shelley Baker,2024,MD
941,Jasmine Stone,2021,MD
942,Kyle Baker,2022,BMLS
943,Michael Johnson,2024,MD
944,Christopher Murray MD,2021,MSc Hematology
945,Matthew Morris,2023,BMLS
946,Roy Reyes,2024,BMLS
947,Roy Oneill,2022,MD
948,Rachel Perez,2023,MSc Hematology
949,Vanessa Miller,2022,MSc Hematology
950,Susan Carr,2023,BMLS
951,Michael Ward,2023,BMLS
952,Mary Dougherty,2022,BMLS
953,Jason Hanson,2024,MD
954,Cynthia Warren,2021,MD
955,Michael Cardenas,2024,BMLS
956,Christina Maynard,2021,MD
957,Regina Burke,2022,MD
958,Colleen Elliott,2024,BMLS
959,Megan Brown DVM,2023,BMLS
960,Angela Johnson,2021,BMLS
961,Margaret Pace,2023,BMLS
962,Martin Stone,2024,BMLS
963,Kevin Preston,2023,BMLS
964,Robert Lawson,2024,BMLS
965,Olivia Parker,2024,MD
966,Robert Mann,2024,BMLS
967,Melissa Larson,2024,MD
968,Autumn Fuller,2021,BMLS
969,Michelle David,2021,MD
970,Daniel Fisher,2022,MSc Hematology
971,Elijah Jackson,2022,MD
972,Steven White,2023,BMLS
973,Frank Mitchell,2022,BMLS
974,Michael Austin,2023,MD
975,Emily Salinas,2023,MSc Hematology
976,Dr. Matthew Salinas,2022,MD
977,Michael Torres DVM,2024,MD
978,Alyssa Atkinson,2022,MD
979,Kevin Stevens,2021,BMLS
980,Thomas Rodriguez,2023,MD
981,William Hernandez,2024,MD
982,Jerry Williams,2023,MD
983,Connie Johnson,2024,MSc Hematology
984,Kristen Ballard,2021,MSc Hematology
985,Latoya Ayers,2024,MD
986,Alexandria Cardenas,2024,BMLS
987,Michelle Kerr,2023,MD
988,Doris Hatfield,2023,MSc Hematology
989,Linda Cross,2022,BMLS
990,Betty Ramos,2023,MD
991,Barry Rice,2021,BMLS
992,Gina Baker,2021,MD
993,Carl Martin,2024,BMLS
994,David Phillips,2024,MD
995,Richard Ray,2024,BMLS
996,Nancy Hobbs,2024,MSc Hematology
997,Kimberly Blevins,2022,MSc Hematology
998,Desiree Adams,2021,BMLS
999,Susan Ramirez,2024,BMLS
1000,Sara Lopez,2023,MSc Hematology
